<?xml version="1.0" encoding="UTF-8"?>
<project-private xmlns="http://www.netbeans.org/ns/project-private/1">
    <editor-bookmarks xmlns="http://www.netbeans.org/ns/editor-bookmarks/2" lastBookmarkId="0"/>
    <open-files xmlns="http://www.netbeans.org/ns/projectui-open-files/2">
        <group>
            <file>file:/C:/Users/Lenovo/Documents/GitRepositorios/Repositorios%20de%20la%20escuela/Proyecto_integrador_AFTER/AFTER/web/index.html</file>
            <file>file:/C:/Users/Lenovo/Documents/GitRepositorios/Repositorios%20de%20la%20escuela/Proyecto_integrador_AFTER/AFTER/web/avisos.html</file>
            <file>file:/C:/Users/Lenovo/Documents/GitRepositorios/Repositorios%20de%20la%20escuela/Proyecto_integrador_AFTER/AFTER/web/datosUsuario.html</file>
            <file>file:/C:/Users/Lenovo/Documents/GitRepositorios/Repositorios%20de%20la%20escuela/Proyecto_integrador_AFTER/AFTER/web/informacion.html</file>
            <file>file:/C:/Users/Lenovo/Documents/GitRepositorios/Repositorios%20de%20la%20escuela/Proyecto_integrador_AFTER/AFTER/web/agenda.html</file>
            <file>file:/C:/Users/Lenovo/Documents/GitRepositorios/Repositorios%20de%20la%20escuela/Proyecto_integrador_AFTER/AFTER/web/style/StyleAgenda.css</file>
            <file>file:/C:/Users/Lenovo/Documents/GitRepositorios/Repositorios%20de%20la%20escuela/Proyecto_integrador_AFTER/AFTER/web/calendario.html</file>
            <file>file:/C:/Users/Lenovo/Documents/GitRepositorios/Repositorios%20de%20la%20escuela/Proyecto_integrador_AFTER/AFTER/web/style/styleCalendario.css</file>
        </group>
    </open-files>
</project-private>
